id;id_evento;nome_evento;descricao
1;Director compelling Bolívia;Engineer Rodovia;amarelo Cambridgeshire Plástico
2;brand;Alameda Direct B2B;functionalities grow
3;Division Jogos;sticky scalable;Producer SCSI
4;Buckinghamshire Esportes;Metrics;Cadeira
5;homogeneous Marginal;killer quantifying;Rondônia Web
6;driver;hub Account;synthesizing Savings
7;Bacon Berkshire;technologies focus;Home streamline online
8;Marginal;architectures;Sharable Bedfordshire Roraima
9;solid bus;heuristic;program mão bandwidth
10;quantify;pixel bus;Tailândia
